1084242,Zootopia 2
1034716,People We Meet on Vacation
1208348,Rental Family
1137179,Yadang: The Snitch
1205229,Night of the Zoopocalypse
1181765,School of Magical Animals 3
1255674,Crazy Old Lady
803796,KPop Demon Hunters
1234731,Anaconda
639988,No Other Choice
269149,Zootopia
812583,Wake Up Dead Man: A Knives Out Mystery
1403735,Laila
1282440,Happy Patel: Khatarnak Jasoos
1363123,The Family Plan 2
1433667,Merkin Penal
991494,The SpongeBob Movie: Search for SquarePants
1589891,A Time for Bravery
756397,Hitpig!
1217602,London Calling
1471345,Homo Argentum
1022453,The Rajasaab
1287141,Pillion
496243,Parasite
533535,Deadpool & Wolverine
950387,A Minecraft Movie
808,Shrek
1248226,Playdate
1259102,Eternity
567609,Ready or Not
1241982,Moana 2
1128614,A Nice Indian Boy
1215106,Ko Ga Loak Village
552524,Lilo & Stitch
1022789,Inside Out 2
1035259,The Naked Gun
338969,The Toxic Avenger Unrated
957119,Sidelined: The QB and Me
1175942,The Bad Guys 2
939243,Sonic the Hedgehog 3
939243,Sonic the Hedgehog 3
650524,Back to the Past
1304625,Bear Claw Camp
303991,Demolition
519182,Despicable Me 4
585,"Monsters, Inc."
1022787,Elio
1242419,Roofman
346698,Barbie
106646,The Wolf of Wall Street
502356,The Super Mario Bros. Movie
1284120,The Ugly Stepsister
1015539,Santastein
2062,Ratatouille
18785,The Hangover
507244,Afterburn
1161617,Code 3
573435,Bad Boys: Ride or Die
1444384,Nak Loves Mak Sooo Much!
845781,Red One
9502,Kung Fu Panda
1319895,Hostile Takeover
12153,White Chicks
1011985,Kung Fu Panda 4
14160,Up
109439,The Hangover Part III
177572,Big Hero 6
749170,Heads of State
615777,Babylon
810,Shrek the Third
150540,Inside Out
62213,Dark Shadows
288036,Sleeping with Other People
293660,Deadpool
1429520,Sidelined 2: Intercepted
194,Amélie
993708,The Threesome
972119,Making Of
120467,The Grand Budapest Hotel
615677,We Can Be Heroes
615677,We Can Be Heroes
425,Ice Age
238215,The Cobbler
1159831,The Bride!
244998,Senario XX
953,Madagascar
1114967,Good Fortune
1599078,Marcello Hernández: American Boy
546554,Knives Out
974663,200% Wolf
696506,Mickey 17
1262815,The Choral
436969,The Suicide Squad
1064213,Anora
1304434,Nobody
466272,Once Upon a Time... in Hollywood
940551,Migration
10193,Toy Story 3
38365,Grown Ups
809,Shrek 2
1198994,Send Help
976573,Elemental
315162,Puss in Boots: The Last Wish
350,The Devil Wears Prada
1175174,Fackham Hall
20352,Despicable Me
1029575,The Family Plan
1100854,10 Reasons Why Men Cheat
1496466,Musical The Prince Of Tennis Ⅱ: Revolution Live 2022
527435,The Christmas Chronicles
404737,Yo soy un político
661374,Glass Onion: A Knives Out Mystery
82702,How to Train Your Dragon 2
11090,The Animal
11469,Black Knight
718930,Bullet Train
58332,I.T.A.L.Y. (I Trust and Love You)
574452,Waltzing with Brando
792307,Poor Things
1969,Bandidas
643107,Not to Be Unpleasant But We Need to Have a Serious Talk
22794,Cloudy with a Chance of Meatballs
778814,Daisy Quokka: World's Scariest Animal
437222,Once a Year Can't Hurt 2
1274214,Papa Zola: The Movie
1125257,Freakier Friday
199729,El paraíso ya no es lo que era
134642,All Star Comedy Jam: Live from Orlando
550988,Free Guy
568124,Encanto
10192,Shrek Forever After
131676,The Compass Is Carried by the Dead Man
195173,Age of Panic
337404,Cruella
118,Charlie and the Chocolate Factory
273477,Scouts Guide to the Zombie Apocalypse
284053,Thor: Ragnarok
1469760,Musical The Prince Of Tennis Concert: Dream Live 2017
1124620,The Monkey
330457,Frozen II
330457,Frozen II
1290182,You Are the Apple of My Eye
107,Snatch
187238,Si può fare l'amore vestiti?
702976,Don Pasquale - Palais Garnier
11688,The Emperor's New Groove
541158,The Old Man and the Studio
77338,The Intouchables
862576,Too Soon: Comedy After 9/11
616037,Thor: Love and Thunder
250193,The Crime of Cacaro Gumaro
270946,Penguins of Madagascar
73246,All Star Comedy Jam: Live from Dallas
157911,Do You Have a Licence to Save this Planet?
508947,Turning Red
1318691,Los Muértimer
447916,The Truth About Love Is...
383498,Deadpool 2
591403,The President's Cell Phone
996658,All Jacked Up and Full of Worms
623962,The Grand Duke Of Corsica
1072790,Anyone But You
383498,Deadpool 2
1480025,How to Lose a Popularity Contest
251706,The Merry Wives of Windsor
313369,La La Land
481533,When Jeff Tried to Save the World
62177,Brave
456296,En Aaloda Seruppa Kaanom
648878,Eddington
296100,The Night Before
19913,(500) Days of Summer
1397364,La Grazia
375548,Once a Year Can't Hurt
8871,How the Grinch Stole Christmas
1372851,The Ride
454626,Sonic the Hedgehog
207703,Kingsman: The Secret Service
384018,Fast & Furious Presents: Hobbs & Shaw
522686,17 años juntos
4247,Scary Movie
287947,Shazam!
1290504,Desert Vows
1200801,F Marry Kill
324174,The Automatic Hate
508442,Soul
1276051,Dream Video Division Presents The Human Experience
748783,The Garfield Movie
479455,Men in Black: International
198100,Vorzimmer zur Hölle III - Plötzlich Boss
1017163,The Roundup: Punishment
214756,Ted 2
843527,The Idea of You
10625,Mean Girls
54448,"La différence, c'est que c'est pas pareil"
111493,R2 y el caso del cadáver sin cabeza
1280282,Gabby's Dollhouse: The Movie
1287571,Agak Laen: Menyala Pantiku!
257344,Pixels
638242,Mission Unstapabol: The Don Identity
469932,"Antar, The Fourth Grandson of Shaddad"
1611487,Kill Tony: Once Upon a Time in Texas
50646,"Crazy, Stupid, Love."
746333,Superwho?
606352,Die Bestatterin – Der Tod zahlt alle Schulden
675353,Sonic the Hedgehog 2
1497970,Tom and Jerry: Forbidden Compass
9258,Like Rabbits
897160,Brave Citizen
415832,Daddy Is My Idol
1205515,"Sorry, Baby"
394689,Garfunkel and Oates: Trying to be Special
109418,Grown Ups 2
457753,The Making of a Superhero Musical
912828,Te Prego Lá Fora
877817,Wolfs
1290183,The First Ride
1137350,The Phoenician Scheme
273690,A Guy Named Rick
1311379,The Footballest 2
493529,Dungeons & Dragons: Honor Among Thieves
1159206,Father Mother Sister Brother
1245993,Caught Stealing
2757,Adaptation.
9655,She's the Man
150514,La tête la première
243684,"Men, Women & Children"
1278983,Under the Stars
787699,Wonka
746036,The Fall Guy
746681,La última Navidad del universo
117816,Maicching Machiko Teacher - Go!Go! visit a pupil's home
109002,Shahji Ki Advice
238713,Spy
1107216,Pets on a Train
230278,Live is Life 2
78690,The Great Role
1407432,Anaganaga Oka Raju
49013,Cars 2
1104601,The Diary of Paulina P.
629542,The Bad Guys
11836,The SpongeBob SquarePants Movie
487852,A Trip to Jamaica
64688,21 Jump Street
329757,Crossing the Line to Broadway
139038,A Haunted House
1443594,Moře na dvoře
76492,Hotel Transylvania
930094,"Red, White & Royal Blue"
294672,Ein Fall für den Fuchs - Das Amulett der Inkas
501763,Scheidung für Anfänger
397516,El último caso del detective Prado
159092,Hell Baby
1069905,Jay Kelly
9788,Accepted
814776,Bottoms
50546,Just Go with It
6615,Lars and the Real Girl
512200,Jumanji: The Next Level
15470,La Lingerie
7446,Tropic Thunder
392134,La cosa está pelúa 3D
15355,Melodrama Habibi
920,Cars
219,Volver
1472638,Buen Camino
123243,Granny's Funeral
490132,Green Book
512195,Red Notice
799583,The Ministry of Ungentlemanly Warfare
136799,Trolls
1526479,The Best Little Whorehouse in Texas
855327,The Binding of Itzik
336077,When You Die... You Die!
554442,Field of Dreams 2: Lockout
53605,Plop In The Clouds
884605,No Hard Feelings
682818,Národ sobě aneb České moře v 18 přílivech
1324677,Carmen Christopher: Live from the Windy City
895973,Virgin Story
895973,Virgin Story
1294706,That Summer in Paris
1214835,De De Pyaar De 2
1046758,Sew Torn
1363899,True Beauty: The Movie - Part 1
327276,Big News From Grand Rock
1322115,How Would You End It
414223,"The Swan Princess: Princess Tomorrow, Pirate Today!"
342216,It's Hard Killing Someone Even on a Monday
21778,RRRrrrr!!!
373399,A Song of Lisbon
577224,Only in L.A.
484095,Les Chevaliers du fiel : Les fous rires de 2017
1039086,The Happiness Playbook
700427,Eine Klasse für sich
486554,Le Point Virgule fait l'Olympia - 10e édition
1093765,A Pinch of Portugal
1373458,The Wild Years
58410,Tutto l'amore che c'è
1212855,Fight or Flight
